{
 "nodes": [
 {
 "id": "Aminoacyl-tRNA biosynthesis",
"label": "Aminoacyl-tRNA biosynthesis",
"size":       13,
"color": "#FF0000",
"x": 0.8697513,
"y": 2.629522 
},
{
 "id": "Alanine, aspartate and glutamate metabolism",
"label": "Alanine, aspartate and glutamate metabolism",
"size": 16.72213,
"color": "#FF0D00",
"x": -2.364517,
"y": 3.079473 
},
{
 "id": "Butanoate metabolism",
"label": "Butanoate metabolism",
"size": 19.02564,
"color": "#FF1B00",
"x": 2.681963,
"y": 0.2737465 
},
{
 "id": "Arginine biosynthesis",
"label": "Arginine biosynthesis",
"size": 16.69863,
"color": "#FF2800",
"x": -0.07075944,
"y": -0.2582332 
},
{
 "id": "D-Glutamine and D-glutamate metabolism",
"label": "D-Glutamine and D-glutamate metabolism",
"size":       27,
"color": "#FF3600",
"x": -3.682658,
"y": 4.208046 
},
{
 "id": "Valine, leucine and isoleucine biosynthesis",
"label": "Valine, leucine and isoleucine biosynthesis",
"size": 20.96407,
"color": "#FF4300",
"x": -5.082093,
"y": 1.531593 
},
{
 "id": "Arginine and proline metabolism",
"label": "Arginine and proline metabolism",
"size": 9.313131,
"color": "#FF5100",
"x": 0.8881696,
"y": -2.167223 
},
{
 "id": "Purine metabolism",
"label": "Purine metabolism",
"size": 7.444444,
"color": "#FF5E00",
"x": 2.617609,
"y": 1.915303 
},
{
 "id": "Glutathione metabolism",
"label": "Glutathione metabolism",
"size": 9.861063,
"color": "#FF6B00",
"x": -3.976637,
"y": -1.697482 
},
{
 "id": "Nitrogen metabolism",
"label": "Nitrogen metabolism",
"size":       19,
"color": "#FF7900",
"x": -0.5218448,
"y": -0.9998485 
},
{
 "id": "Pyrimidine metabolism",
"label": "Pyrimidine metabolism",
"size": 7.926108,
"color": "#FF8600",
"x": -0.770948,
"y":  5.17143 
},
{
 "id": "Histidine metabolism",
"label": "Histidine metabolism",
"size": 9.006006,
"color": "#FF9400",
"x": -4.608654,
"y":  3.03533 
},
{
 "id": "Valine, leucine and isoleucine degradation",
"label": "Valine, leucine and isoleucine degradation",
"size": 6.601441,
"color": "#FFA100",
"x": -0.697379,
"y": 3.677557 
},
{
 "id": "Pantothenate and CoA biosynthesis",
"label": "Pantothenate and CoA biosynthesis",
"size": 8.050505,
"color": "#FFAE00",
"x": -3.622022,
"y": -0.03748481 
},
{
 "id": "Citrate cycle (TCA cycle)",
"label": "Citrate cycle (TCA cycle)",
"size": 7.796163,
"color": "#FFBC00",
"x": -0.7104896,
"y":  1.87343 
},
{
 "id": "Glyoxylate and dicarboxylate metabolism",
"label": "Glyoxylate and dicarboxylate metabolism",
"size": 5.998501,
"color": "#FFC900",
"x": -0.6678906,
"y": -2.719241 
},
{
 "id": "Glycine, serine and threonine metabolism",
"label": "Glycine, serine and threonine metabolism",
"size": 5.906977,
"color": "#FFD700",
"x": -2.315134,
"y": -2.679423 
},
{
 "id": "Vitamin B6 metabolism",
"label": "Vitamin B6 metabolism",
"size": 8.319149,
"color": "#FFE400",
"x": -3.454207,
"y": 1.812915 
},
{
 "id": "Biotin metabolism",
"label": "Biotin metabolism",
"size": 7.807692,
"color": "#FFF200",
"x": 1.894918,
"y": -1.035241 
},
{
 "id": "Glycerolipid metabolism",
"label": "Glycerolipid metabolism",
"size": 6.003003,
"color": "#FFFF00",
"x": 0.798674,
"y": 4.515092 
},
{
 "id": "Fructose and mannose metabolism",
"label": "Fructose and mannose metabolism",
"size": 5.398082,
"color": "#FFFF15",
"x": 1.222491,
"y": 0.8897945 
},
{
 "id": "Selenocompound metabolism",
"label": "Selenocompound metabolism",
"size": 5.398082,
"color": "#FFFF40",
"x": -5.025988,
"y": -0.0914885 
},
{
 "id": "Propanoate metabolism",
"label": "Propanoate metabolism",
"size": 5.087683,
"color": "#FFFF6A",
"x": -2.382731,
"y": -1.256615 
},
{
 "id": "Lysine degradation",
"label": "Lysine degradation",
"size": 4.919386,
"color": "#FFFF95",
"x": 2.086628,
"y": 3.475009 
},
{
 "id": "Porphyrin and chlorophyll metabolism",
"label": "Porphyrin and chlorophyll metabolism",
"size":      4.6,
"color": "#FFFFBF",
"x": -2.00909,
"y": 0.7003755 
},
{
 "id": "Tryptophan metabolism",
"label": "Tryptophan metabolism",
"size":  4.17096,
"color": "#FFFFEA",
"x": -2.312903,
"y": 4.845325 
} 
],
"edges": [ {
 "id": "1",
"source": "Arginine biosynthesis",
"target": "Nitrogen metabolism" 
} ] 
}