sample(compound name),M1D,F2D,F3D,F1D,M3D,M2D,M1P,M2P,F1P,M3P,F3P,F2P,,,,,,,,,,,,,,,,,,,,,,,,火山图,,,,聚类图,,
Label,D,D,D,D,D,D,P,P,P,P,P,P,D,P,FC,P-Value,,,groupA,groupB,groupAname,groupBname,type,,,,,,,,,,,FC,,meta,logFC,P-Value,,meta,D,P
Trimethylamine ,1.244330896,1.116782207,1.240133075,1.342402673,1.118861135,1.22491158,1.252448431,1.269661048,1.367965502,1.279973193,1.445196648,1.461520029,7.287421566,8.076764851,0.902269869,0.028443749,,,"M1D,F2D,F3D,F1D,M3D,M2D","M1P,M2P,F1P,M3P,F3P,F2P",Distal,Proximal,unpaired,,,,,,,,,,,0.902269869,,Trimethylamine ,-0.148369086,0.028443749,,Trimethylamine ,0.902269869,-0.119925337
Glycine ,1.177920136,1.224780254,1.007107117,1.134683227,0.898175147,0.995729104,1.058123552,1.106543317,1.276675435,1.088830984,1.680378677,1.274605477,6.438394985,7.485157442,0.860154918,0.136642354,,,,,,,,,,,,,,,,,,0.860154918,,Glycine ,-0.217331576,0.136642354,,Glycine ,0.860154918,-0.080689221
Trimethylamine-N-oxide ,3.130779857,3.455990351,3.139138326,3.330968508,3.169462405,3.107253597,3.062396394,3.029264085,3.264937774,3.036748733,3.179912935,3.188976237,19.33359304,18.76223616,1.030452494,0.201139421,,,gene_id,M1D,F2D,F3D,F1D,M3D,M2D,M1P,M2P,F1P,M3P,F3P,F2P,,,1.030452494,,Trimethylamine-N-oxide ,0.043277995,0.201139421,,Trimethylamine-N-oxide ,1.030452494,0.244417416
Putrescine ,2.903693982,2.914147506,2.847324765,2.784554216,2.614295213,2.742286524,2.771726192,2.71163772,2.696472067,2.750526119,2.733128619,2.834591685,16.80630221,16.4980824,1.018682159,0.332458763,,,Trimethylamine ,1.244330896,1.116782207,1.240133075,1.342402673,1.118861135,1.22491158,1.252448431,1.269661048,1.367965502,1.279973193,1.445196648,1.461520029,,,1.018682159,,Putrescine ,0.026703984,0.332458763,,Putrescine ,5.205372029,0.359162748
Sarcosine ,1.420768642,1.230055273,1.434585979,1.218676431,1.61330554,1.582507176,1.569318605,1.545104864,1.362347626,1.509989207,1.439038168,1.20829606,8.499899041,8.63409453,0.984457491,0.804766002,,,Glycine ,1.177920136,1.224780254,1.007107117,1.134683227,0.898175147,0.995729104,1.058123552,1.106543317,1.276675435,1.088830984,1.680378677,1.274605477,,,0.984457491,,Sarcosine ,-0.022599183,0.804766002,,Sarcosine ,5.028272629,0.782166819
Alanine ,2.553579083,2.380922537,2.502156908,2.504465453,2.383897559,2.384899262,2.718565221,2.660935334,2.695927677,2.718511539,2.677616375,2.683268851,14.7099208,16.154825,0.91055897,2.53435E-05,,,Trimethylamine-N-oxide ,3.130779857,3.455990351,3.139138326,3.330968508,3.169462405,3.107253597,3.062396394,3.029264085,3.264937774,3.036748733,3.179912935,3.188976237,,,0.91055897,,Alanine ,-0.135175643,2.53435E-05,,Alanine ,10.31619687,-0.135150299
Cadaverine ,1.046312858,0.99326605,1.162531034,1.140240614,1.01936566,1.119899362,1.452317417,1.344780088,1.26774726,1.272444669,1.502302045,1.348651233,6.481615578,8.188242712,0.791575898,0.000149485,,,Putrescine ,2.903693982,2.914147506,2.847324765,2.784554216,2.614295213,2.742286524,2.771726192,2.71163772,2.696472067,2.750526119,2.733128619,2.834591685,,,0.791575898,,Cadaverine ,-0.337200409,0.000149485,,Cadaverine ,9.109822321,-0.337050924
Aminoisobutyrate ,1.751697698,1.746637547,1.66988295,1.794952805,1.632903654,1.661639968,1.708367179,1.792885797,1.697081533,1.785317164,1.715436491,1.815164017,10.25771462,10.51425218,0.97560097,0.227775256,,,Sarcosine ,1.420768642,1.230055273,1.434585979,1.218676431,1.61330554,1.582507176,1.569318605,1.545104864,1.362347626,1.509989207,1.439038168,1.20829606,,,0.97560097,,Aminoisobutyrate ,-0.035636903,0.227775256,,Aminoisobutyrate ,5.132924405,0.192138353
Choline ,3.993674418,3.946056702,3.940753594,4.001731494,3.869326378,3.903423017,3.909885443,4.01262099,3.939418771,4.031472306,3.960543286,3.969845964,23.6549656,23.82378676,0.992913756,0.336043631,,,Alanine ,2.553579083,2.380922537,2.502156908,2.504465453,2.383897559,2.384899262,2.718565221,2.660935334,2.695927677,2.718511539,2.677616375,2.683268851,,,0.992913756,,Choline ,-0.010259683,0.336043631,,Choline ,9.072310521,0.325783948
Dimethylglycine ,1.786360444,1.652176465,1.712599287,1.700235602,1.744293301,1.817661617,2.08789187,1.950608018,1.903130514,2.007841428,1.896935788,1.937662019,10.41332672,11.78406964,0.883678308,0.000144379,,,Cadaverine ,1.046312858,0.99326605,1.162531034,1.140240614,1.01936566,1.119899362,1.452317417,1.344780088,1.26774726,1.272444669,1.502302045,1.348651233,,,0.883678308,,Dimethylglycine ,-0.178406825,0.000144379,,Dimethylglycine ,5.007076255,-0.178262446
4-Hydroxybutyrate ,3.44123683,3.605402851,3.502343832,3.456662876,3.620000825,3.523250457,3.253047776,3.330296478,3.371164325,3.379672025,3.294203866,3.213970547,21.14889767,19.84235502,1.065846148,0.000315294,,,Aminoisobutyrate ,1.751697698,1.746637547,1.66988295,1.794952805,1.632903654,1.661639968,1.708367179,1.792885797,1.697081533,1.785317164,1.715436491,1.815164017,,,1.065846148,,4-Hydroxybutyrate ,0.091999205,0.000315294,,4-Hydroxybutyrate ,6.38176382,0.092314499
Serine ,2.700839481,2.612070721,2.668158186,2.762123355,2.575507285,2.568337525,2.639759981,2.67338605,2.835794092,2.624959757,2.824317797,2.830426183,15.88703655,16.42864386,0.967032744,0.113532456,,,Choline ,3.993674418,3.946056702,3.940753594,4.001731494,3.869326378,3.903423017,3.909885443,4.01262099,3.939418771,4.031472306,3.960543286,3.969845964,,,0.967032744,,Serine ,-0.048363354,0.113532456,,Serine ,12.9288943,0.065169102
Cytosine ,1.865271273,1.527635377,1.767077868,1.891541943,1.761269255,1.761062886,1.983243651,1.894716836,1.733477207,1.566957565,1.819575962,1.73223041,10.5738586,10.73020163,0.985429628,0.748725543,,,Dimethylglycine ,1.786360444,1.652176465,1.712599287,1.700235602,1.744293301,1.817661617,2.08789187,1.950608018,1.903130514,2.007841428,1.896935788,1.937662019,,,0.985429628,,Cytosine ,-0.021175246,0.748725543,,Cytosine ,6.827868863,0.727550297
Creatinine ,2.046382929,1.984777456,2.080554227,2.183245455,2.156131895,2.014485671,2.151973538,2.164328374,2.229885695,2.095305616,2.132138087,2.0791765,12.46557763,12.85280781,0.969871939,0.128315332,,,4-Hydroxybutyrate ,3.44123683,3.605402851,3.502343832,3.456662876,3.620000825,3.523250457,3.253047776,3.330296478,3.371164325,3.379672025,3.294203866,3.213970547,,,0.969871939,,Creatinine ,-0.044133827,0.128315332,,Creatinine ,10.85771838,0.084181505
Proline ,2.975306491,2.775415595,3.006800769,2.948559535,2.916936325,2.969638265,3.211580803,3.197346443,3.102809413,3.186354156,3.244374387,3.073195063,17.59265698,19.01566027,0.92516677,0.000266927,,,Serine ,2.700839481,2.612070721,2.668158186,2.762123355,2.575507285,2.568337525,2.639759981,2.67338605,2.835794092,2.624959757,2.824317797,2.830426183,,,0.92516677,,Proline ,-0.112214647,0.000266927,,Proline ,9.204870507,-0.11194772
5-Aminovaleric Acid ,2.236164319,2.107117256,2.398359392,2.260184587,2.180626796,2.233265056,2.457530262,2.537447902,2.461775024,2.484921176,2.692366071,2.408549817,13.41571741,15.04259025,0.891848889,0.00074735,,,Cytosine ,1.865271273,1.527635377,1.767077868,1.891541943,1.761269255,1.761062886,1.983243651,1.894716836,1.733477207,1.566957565,1.819575962,1.73223041,,,0.891848889,,5-Aminovaleric Acid ,-0.165128808,0.00074735,,5-Aminovaleric Acid ,6.010612826,-0.164381458
Betaine ,3.498873817,3.460095823,3.500099394,3.461160734,3.500517077,3.495825855,3.538456084,3.488781463,3.505454779,3.608981847,3.536515635,3.652635295,20.9165727,21.3308251,0.980579635,0.028489266,,,Creatinine ,2.046382929,1.984777456,2.080554227,2.183245455,2.156131895,2.014485671,2.151973538,2.164328374,2.229885695,2.095305616,2.132138087,2.0791765,,,0.980579635,,Betaine ,-0.028293295,0.028489266,,Betaine ,7.287199838,0.000195971
Valine ,1.918427789,1.787531389,2.035942067,1.941162842,1.918697618,1.946460566,2.21347264,2.200383784,2.152747036,2.195183964,2.376815945,2.04824026,11.54822227,13.18684363,0.875738167,0.000520066,,,Proline ,2.975306491,2.775415595,3.006800769,2.948559535,2.916936325,2.969638265,3.211580803,3.197346443,3.102809413,3.186354156,3.244374387,3.073195063,,,0.875738167,,Valine ,-0.191428505,0.000520066,,Valine ,10.37966177,-0.190908439
Homoserine ,0.937152054,1.098970479,1.001964585,0.986694474,1.094773142,1.037506343,0.765305691,0.855812495,0.866261517,0.923537144,0.784460069,0.801321285,6.157061077,4.996698201,1.232225928,0.000286407,,,5-Aminovaleric Acid ,2.236164319,2.107117256,2.398359392,2.260184587,2.180626796,2.233265056,2.457530262,2.537447902,2.461775024,2.484921176,2.692366071,2.408549817,,,1.232225928,,Homoserine ,0.301266798,0.000286407,,Homoserine ,8.818062992,0.301553205
Threonine ,2.743196241,2.735514101,2.815830208,2.8141446,2.843865782,2.833377713,2.880280465,2.882456659,2.899390428,2.866429245,2.946994875,2.72735042,16.78592865,17.20290209,0.975761447,0.080097533,,,Betaine ,3.498873817,3.460095823,3.500099394,3.461160734,3.500517077,3.495825855,3.538456084,3.488781463,3.505454779,3.608981847,3.536515635,3.652635295,,,0.975761447,,Threonine ,-0.035399612,0.080097533,,Threonine ,11.77389422,0.044697921
Niacinamide ,2.414683124,1.982890674,2.156270403,2.283994952,1.971847786,1.973409106,2.455507251,2.352311601,2.267988478,1.916822631,2.5499586,2.360392635,12.78309605,13.9029812,0.919449999,0.143935129,,,Valine ,1.918427789,1.787531389,2.035942067,1.941162842,1.918697618,1.946460566,2.21347264,2.200383784,2.152747036,2.195183964,2.376815945,2.04824026,,,0.919449999,,Niacinamide ,-0.121156974,0.143935129,,Niacinamide ,7.539690168,0.022778155
Taurine ,4.053401075,3.933450346,3.985199673,3.969861894,3.923811653,3.998659696,4.104662756,3.980805565,4.017505849,3.920494284,3.999275583,4.057438427,23.86438434,24.08018246,0.991038352,0.29174843,,,Homoserine ,0.937152054,1.098970479,1.001964585,0.986694474,1.094773142,1.037506343,0.765305691,0.855812495,0.866261517,0.923537144,0.784460069,0.801321285,,,0.991038352,,Taurine ,-0.012987206,0.29174843,,Taurine ,3.50035685,0.278761224
1-Methylhistamine ,1.60814113,1.550760243,1.65991524,1.671890799,1.712942882,1.649176545,1.651165709,1.642273647,1.607955202,1.561634815,1.608746247,1.584269076,9.852826839,9.656044696,1.020379167,0.248713158,,,Threonine ,2.743196241,2.735514101,2.815830208,2.8141446,2.843865782,2.833377713,2.880280465,2.882456659,2.899390428,2.866429245,2.946994875,2.72735042,,,1.020379167,,1-Methylhistamine ,0.029105348,0.248713158,,1-Methylhistamine ,9.561153707,0.277818507
Pyroglutamic Acid ,0.899484331,0.687259841,0.84057505,0.946321412,0.865220024,0.893457206,1.028667645,1.177104959,1.1283243,1.010798472,1.167858577,1.110373645,5.132317864,6.623127598,0.774908499,0.000322729,,,Niacinamide ,2.414683124,1.982890674,2.156270403,2.283994952,1.971847786,1.973409106,2.455507251,2.352311601,2.267988478,1.916822631,2.5499586,2.360392635,,,0.774908499,,Pyroglutamic Acid ,-0.367902128,0.000322729,,Pyroglutamic Acid ,7.602082365,-0.367579399
Pipecolate ,2.183081749,1.959414512,2.154158101,2.191702201,2.051492555,1.993628421,2.380283021,2.388579648,2.365273729,2.350566196,2.618369997,2.471770372,12.53347754,14.57484296,0.859939114,0.00017046,,,Taurine ,4.053401075,3.933450346,3.985199673,3.969861894,3.923811653,3.998659696,4.104662756,3.980805565,4.017505849,3.920494284,3.999275583,4.057438427,,,0.859939114,,Pipecolate ,-0.217693579,0.00017046,,Pipecolate ,12.83714741,-0.217523119
Agmanite ,0.823262501,0.98508086,0.888074999,0.872804895,0.980883524,0.923616743,0.65141629,0.741922999,0.752372013,0.809647599,0.670570644,0.687431841,5.473723522,4.313361386,1.269015747,0.000286407,,,1-Methylhistamine ,1.60814113,1.550760243,1.65991524,1.671890799,1.712942882,1.649176545,1.651165709,1.642273647,1.607955202,1.561634815,1.608746247,1.584269076,,,1.269015747,,Agmanite ,0.343709972,0.000286407,,Agmanite ,6.023665885,0.343996379
Creatine ,3.560980624,3.37620635,3.531250345,3.615773872,3.446539451,3.489979742,3.68696435,3.692136266,3.738516302,3.640751867,3.690022724,3.739087415,21.02073038,22.18747892,0.9474141,0.000445379,,,Pyroglutamic Acid ,0.899484331,0.687259841,0.84057505,0.946321412,0.865220024,0.893457206,1.028667645,1.177104959,1.1283243,1.010798472,1.167858577,1.110373645,,,0.9474141,,Creatine ,-0.077932951,0.000445379,,Creatine ,4.236444794,-0.077487572
Hydroxyproline/Aminolevulinate ,2.280514737,2.105074311,2.286774585,2.310090366,2.181154479,2.311758149,2.358997254,2.440106999,2.479020652,2.296454037,2.423685975,2.439130704,13.47536663,14.43739562,0.933365475,0.004363883,,,Pipecolate ,2.183081749,1.959414512,2.154158101,2.191702201,2.051492555,1.993628421,2.380283021,2.388579648,2.365273729,2.350566196,2.618369997,2.471770372,,,0.933365475,,Hydroxyproline/Aminolevulinate ,-0.099485991,0.004363883,,Hydroxyproline/Aminolevulinate ,8.37407204,-0.095122108
Leucine ,2.84973366,2.647287924,2.985677551,2.90175637,2.745675328,2.780350452,3.103430501,3.129536742,3.12124667,3.007894992,3.343173476,3.077343536,16.91048129,18.78262592,0.900325724,0.000926131,,,Agmanite ,0.823262501,0.98508086,0.888074999,0.872804895,0.980883524,0.923616743,0.65141629,0.741922999,0.752372013,0.809647599,0.670570644,0.687431841,,,0.900325724,,Leucine ,-0.151481053,0.000926131,,Leucine ,3.067975808,-0.150554923
iso-Leucine ,2.522782093,2.308586012,2.772605175,2.594180227,2.481324858,2.55558177,2.898136418,2.904787187,2.864703378,2.773919957,3.159622233,2.770712947,15.23506014,17.37188212,0.876995367,0.001829352,,,Creatine ,3.560980624,3.37620635,3.531250345,3.615773872,3.446539451,3.489979742,3.68696435,3.692136266,3.738516302,3.640751867,3.690022724,3.739087415,,,0.876995367,,iso-Leucine ,-0.189358874,0.001829352,,iso-Leucine ,11.94685737,-0.187529521
Ornithine ,1.811804316,1.920884547,1.722525057,1.746000345,1.545787804,1.466703751,1.489116599,1.697102793,1.76961077,1.770714117,1.803777291,1.779738917,10.21370582,10.31006049,0.990654306,0.852157516,,,Hydroxyproline/Aminolevulinate ,2.280514737,2.105074311,2.286774585,2.310090366,2.181154479,2.311758149,2.358997254,2.440106999,2.479020652,2.296454037,2.423685975,2.439130704,,,0.990654306,,Ornithine ,-0.013546385,0.852157516,,Ornithine ,8.149925022,0.838611131
Asparagine ,2.188839785,1.955097469,2.298010845,2.153600864,2.231426531,2.269979871,2.588544607,2.476755489,2.326746595,2.424392373,2.399483789,2.368980305,13.09695537,14.58490316,0.897980276,0.002759325,,,Leucine ,2.84973366,2.647287924,2.985677551,2.90175637,2.745675328,2.780350452,3.103430501,3.129536742,3.12124667,3.007894992,3.343173476,3.077343536,,,0.897980276,,Asparagine ,-0.155244338,0.002759325,,Asparagine ,10.32639228,-0.152485013
Aspartic Acid ,3.287026036,2.82337432,2.952696413,3.401398084,2.889180544,3.275756545,3.102755738,2.958712664,3.203842582,2.86230897,2.840160332,2.915444922,18.62943194,17.88322521,1.041726631,0.308139736,,,iso-Leucine ,2.522782093,2.308586012,2.772605175,2.594180227,2.481324858,2.55558177,2.898136418,2.904787187,2.864703378,2.773919957,3.159622233,2.770712947,,,1.041726631,,Aspartic Acid ,0.058976736,0.308139736,,Aspartic Acid ,9.745981768,0.367116472
Homocysteine ,1.087319207,0.558351686,0.693457083,1.07824843,0.482509556,0.959778307,0.773748038,0.682919797,0.973100886,0.588328231,0.619812663,0.574642072,4.859664269,4.212551687,1.153615345,0.409229293,,,Ornithine ,1.811804316,1.920884547,1.722525057,1.746000345,1.545787804,1.466703751,1.489116599,1.697102793,1.76961077,1.770714117,1.803777291,1.779738917,,,1.153615345,,Homocysteine ,0.20616226,0.409229293,,Homocysteine ,6.50784567,0.615391554
Tyramine ,0.657737669,0.819555842,0.722550076,0.707279992,0.81535851,0.758091781,0.485891884,0.576398328,0.586847318,0.64412279,0.505046173,0.521907316,4.48057387,3.320213809,1.349483536,0.000286407,,,Asparagine ,2.188839785,1.955097469,2.298010845,2.153600864,2.231426531,2.269979871,2.588544607,2.476755489,2.326746595,2.424392373,2.399483789,2.368980305,,,1.349483536,,Tyramine ,0.432407375,0.000286407,,Tyramine ,8.542340003,0.432693783
Spermidine ,1.058704008,1.139165445,1.136923197,0.961363077,1.026089172,1.050067001,1.239050711,0.953895147,0.891169187,0.980940021,1.242041634,1.370795997,6.3723119,6.677892697,0.954239936,0.560016063,,,Aspartic Acid ,3.287026036,2.82337432,2.952696413,3.401398084,2.889180544,3.275756545,3.102755738,2.958712664,3.203842582,2.86230897,2.840160332,2.915444922,,,0.954239936,,Spermidine ,-0.067576029,0.560016063,,Spermidine ,9.57215416,0.492440034
Acetylcholine ,2.507299713,2.391345822,2.429186996,2.543190618,2.371962399,2.514612247,2.561984981,2.612236497,2.77744894,2.529107432,2.575781267,2.741219077,14.7575978,15.79777819,0.934156539,0.006690634,,,Homocysteine ,1.087319207,0.558351686,0.693457083,1.07824843,0.482509556,0.959778307,0.773748038,0.682919797,0.973100886,0.588328231,0.619812663,0.574642072,,,0.934156539,,Acetylcholine ,-0.098263769,0.006690634,,Acetylcholine ,2.716939505,-0.091573135
Glutamine ,3.527315316,3.322075393,3.58043991,3.595464169,3.483191108,3.576110821,3.706380276,3.796068164,3.748127618,3.66778738,3.799112395,3.795228195,21.08459672,22.51270403,0.936564381,0.000540397,,,Tyramine ,0.657737669,0.819555842,0.722550076,0.707279992,0.81535851,0.758091781,0.485891884,0.576398328,0.586847318,0.64412279,0.505046173,0.521907316,,,0.936564381,,Glutamine ,-0.094549923,0.000540397,,Glutamine ,2.60764066,-0.094009526
Lysine ,2.66091358,2.504643687,2.611104337,2.637153364,2.500954001,2.47850016,2.896852308,2.835439633,2.873039425,2.830963499,3.163293886,2.959166612,15.39326913,17.55875536,0.876671997,0.000139563,,,Spermidine ,1.058704008,1.139165445,1.136923197,0.961363077,1.026089172,1.050067001,1.239050711,0.953895147,0.891169187,0.980940021,1.242041634,1.370795997,,,0.876671997,,Lysine ,-0.189890929,0.000139563,,Lysine ,4.470449649,-0.189751366
Deoxycarnitine ,0.146705017,0.308519878,0.211515798,1.026974891,0.304322604,0.946022587,0.867019767,0.951109126,1.123243645,1.003421727,0.9530255,1.033433617,2.944060775,5.931253382,0.49636402,0.012154485,,,Acetylcholine ,2.507299713,2.391345822,2.429186996,2.543190618,2.371962399,2.514612247,2.561984981,2.612236497,2.77744894,2.529107432,2.575781267,2.741219077,,,0.49636402,,Deoxycarnitine ,-1.010529551,0.012154485,,Deoxycarnitine ,8.342471796,-0.998375066
Glutamic acid ,3.833161178,3.633296955,3.815159908,3.851975506,3.766107958,3.81037319,3.997417631,3.924506721,3.966738604,3.946577324,3.929565558,3.98706342,22.7100747,23.75186926,0.956138418,0.000541976,,,Glutamine ,3.527315316,3.322075393,3.58043991,3.595464169,3.483191108,3.576110821,3.706380276,3.796068164,3.748127618,3.66778738,3.799112395,3.795228195,,,0.956138418,,Glutamic acid ,-0.064708606,0.000541976,,Glutamic acid ,12.21826639,-0.06416663
Methionine ,1.833145307,1.71566398,1.918496595,1.897817009,1.778738682,1.760306934,1.952989112,2.024650452,2.092117208,1.895696172,2.253487741,2.042237229,10.90416851,12.26117791,0.889324711,0.003759178,,,Lysine ,2.66091358,2.504643687,2.611104337,2.637153364,2.500954001,2.47850016,2.896852308,2.835439633,2.873039425,2.830963499,3.163293886,2.959166612,,,0.889324711,,Methionine ,-0.169217821,0.003759178,,Methionine ,9.842748708,-0.165458643
Cystamine ,1.18017625,1.191008285,1.214214955,1.053191959,1.003752095,1.272077327,1.075237265,0.996581346,0.928321845,1.00195666,0.949345121,1.074471518,6.914420871,6.025913755,1.147447699,0.012450056,,,Deoxycarnitine ,0.146705017,0.308519878,0.211515798,1.026974891,0.304322604,0.946022587,0.867019767,0.951109126,1.123243645,1.003421727,0.9530255,1.033433617,,,1.147447699,,Cystamine ,0.198428396,0.012450056,,Cystamine ,4.137328543,0.210878452
Histidine ,3.14624012,3.098203595,3.192611634,3.159041517,3.126446195,3.210884972,3.303973353,3.31046077,3.239247175,3.30700944,3.270904865,3.342984783,18.93342803,19.77458039,0.957462948,9.57624E-05,,,Glutamic acid ,3.833161178,3.633296955,3.815159908,3.851975506,3.766107958,3.81037319,3.997417631,3.924506721,3.966738604,3.946577324,3.929565558,3.98706342,,,0.957462948,,Histidine ,-0.062711436,9.57624E-05,,Histidine ,12.82066925,-0.062615674
Tryptamine ,1.745034757,1.480240799,1.700240094,1.67471481,1.311087814,1.438201019,1.891876739,1.753835035,1.814603476,1.757094414,2.045915854,1.998511865,9.349519293,11.26183738,0.830194841,0.004369362,,,Methionine ,1.833145307,1.71566398,1.918496595,1.897817009,1.778738682,1.760306934,1.952989112,2.024650452,2.092117208,1.895696172,2.253487741,2.042237229,,,0.830194841,,Tryptamine ,-0.268478129,0.004369362,,Tryptamine ,7.021615983,-0.264108767
Carnitine ,2.612364418,2.524261781,2.52939941,2.572597414,2.430154951,2.534861073,2.653528113,2.587018631,2.722427512,2.621071021,2.688128111,2.831847896,15.20363905,16.10402128,0.944089602,0.006043371,,,Cystamine ,1.18017625,1.191008285,1.214214955,1.053191959,1.003752095,1.272077327,1.075237265,0.996581346,0.928321845,1.00195666,0.949345121,1.074471518,,,0.944089602,,Carnitine ,-0.083004305,0.006043371,,Carnitine ,3.969862901,-0.076960933
Phenylalanine ,2.746398455,2.732422004,2.986894068,2.887248683,2.8680543,2.851131022,2.910437929,2.947184992,2.882904701,2.845786857,3.082135353,2.935264374,17.07214853,17.60371421,0.969803777,0.112842847,,,Histidine ,3.14624012,3.098203595,3.192611634,3.159041517,3.126446195,3.210884972,3.303973353,3.31046077,3.239247175,3.30700944,3.270904865,3.342984783,,,0.969803777,,Phenylalanine ,-0.044235222,0.112842847,,Phenylalanine ,10.89070287,0.068607625
1/3-Methylhistidine ,1.719119452,1.512918598,1.74930834,1.900723773,1.6165323,1.768489945,1.968246129,1.898400177,2.130243608,1.937744271,1.989636398,2.009569595,10.26709241,11.93384018,0.860334331,0.001375849,,,Tryptamine ,1.745034757,1.480240799,1.700240094,1.67471481,1.311087814,1.438201019,1.891876739,1.753835035,1.814603476,1.757094414,2.045915854,1.998511865,,,0.860334331,,1/3-Methylhistidine ,-0.217030686,0.001375849,,1/3-Methylhistidine ,6.661856464,-0.215654837
Arginine ,3.085537283,2.764395789,3.135075324,2.97254597,2.807670353,2.887843748,3.453297973,3.35702884,3.364578403,3.34155333,3.558042315,3.419285355,17.65306847,20.49378622,0.861386387,4.62503E-05,,,Carnitine ,2.612364418,2.524261781,2.52939941,2.572597414,2.430154951,2.534861073,2.653528113,2.587018631,2.722427512,2.621071021,2.688128111,2.831847896,,,0.861386387,,Arginine ,-0.215267571,4.62503E-05,,Arginine ,9.002433415,-0.21522132
Cysteinyl-Glycine ,0.643506195,0.488717923,0.326475254,0.692610446,0.539840744,0.593439116,0.852375179,0.784995547,1.012404162,0.756502974,1.054002515,1.205121019,3.284589678,5.665401396,0.579762924,0.00123539,,,Phenylalanine ,2.746398455,2.732422004,2.986894068,2.887248683,2.8680543,2.851131022,2.910437929,2.947184992,2.882904701,2.845786857,3.082135353,2.935264374,,,0.579762924,,Cysteinyl-Glycine ,-0.78646502,0.00123539,,Cysteinyl-Glycine ,9.442949508,-0.785229629
Tyrosine ,2.32103081,2.039110995,2.354874285,2.155676327,2.423576903,2.572773566,2.697823963,2.671997646,2.285448721,2.585469895,2.38789546,2.211303031,13.86704289,14.83993872,0.934440711,0.18796958,,,1/3-Methylhistidine ,1.719119452,1.512918598,1.74930834,1.900723773,1.6165323,1.768489945,1.968246129,1.898400177,2.130243608,1.937744271,1.989636398,2.009569595,,,0.934440711,,Tyrosine ,-0.097824965,0.18796958,,Tyrosine ,6.871390975,0.090144615
Sorbitol ,1.019603215,1.173883159,1.0961022,1.005853962,1.201080744,1.240925728,1.2427593,1.22111679,0.900204415,1.193608635,1.013871899,0.945845277,6.737449008,6.517406316,1.03376231,0.628008129,,,Arginine ,3.085537283,2.764395789,3.135075324,2.97254597,2.807670353,2.887843748,3.453297973,3.35702884,3.364578403,3.34155333,3.558042315,3.419285355,,,1.03376231,,Sorbitol ,0.047904509,0.628008129,,Sorbitol ,11.35264331,0.675912638
213C-Tyrosine ,4.295263049,4.49912287,4.365370787,4.332761083,4.471762463,4.400831522,4.103752985,4.222824434,4.210989478,4.297089639,4.107694517,4.129836095,26.36511177,25.07218715,1.051568083,0.000770023,,,Cysteinyl-Glycine ,0.643506195,0.488717923,0.326475254,0.692610446,0.539840744,0.593439116,0.852375179,0.784995547,1.012404162,0.756502974,1.054002515,1.205121019,,,1.051568083,,213C-Tyrosine ,0.072542259,0.000770023,,213C-Tyrosine ,4.067194591,0.073312282
Acetylcarnitine ,2.976539585,2.910952563,2.925356117,3.028064426,2.769806319,2.80258019,2.893918228,2.93952232,3.082138764,2.839245236,2.984958087,2.981591221,17.4132992,17.72137386,0.982615645,0.356286906,,,Tyrosine ,2.32103081,2.039110995,2.354874285,2.155676327,2.423576903,2.572773566,2.697823963,2.671997646,2.285448721,2.585469895,2.38789546,2.211303031,,,0.982615645,,Acetylcarnitine ,-0.025300885,0.356286906,ok,Acetylcarnitine ,8.167284031,0.33098602
Tryptophan ,2.012091207,1.796367106,2.076088391,2.06961251,1.894556907,1.93344903,2.126628961,2.037042164,2.175539329,2.020217664,2.301777003,2.147724321,11.78216515,12.80892944,0.91983996,0.018910972,,,Sorbitol ,1.019603215,1.173883159,1.0961022,1.005853962,1.201080744,1.240925728,1.2427593,1.22111679,0.900204415,1.193608635,1.013871899,0.945845277,,,0.91983996,,Tryptophan ,-0.120545221,0.018910972,,Tryptophan ,4.073165771,-0.101634249
L-Kynurenine ,1.448815403,1.610633915,1.513627977,1.498357857,1.606436577,1.549169753,1.27696884,1.367475769,1.377924803,1.435200482,1.296123249,1.31298449,9.227041482,8.066677633,1.143846563,0.000286407,,,213C-Tyrosine ,4.295263049,4.49912287,4.365370787,4.332761083,4.471762463,4.400831522,4.103752985,4.222824434,4.210989478,4.297089639,4.107694517,4.129836095,,,1.143846563,,L-Kynurenine ,0.19389354,0.000286407,,L-Kynurenine ,13.67846681,0.194179947
Cystine ,1.670232566,1.832051084,1.735045142,1.719775022,1.827853745,1.77058692,1.49838599,1.588892927,1.599341961,1.656617644,1.517540401,1.534401643,10.55554448,9.395180566,1.123506292,0.000286407,,,Acetylcarnitine ,2.976539585,2.910952563,2.925356117,3.028064426,2.769806319,2.80258019,2.893918228,2.93952232,3.082138764,2.839245236,2.984958087,2.981591221,,,1.123506292,,Cystine ,0.168008204,0.000286407,,Cystine ,9.929300836,0.168294611
Cytidine ,2.873850291,2.500100029,2.738771551,2.871323534,2.795530389,2.767167127,2.943916082,2.885293347,2.809855282,2.615720261,2.82945793,2.761119261,16.54674292,16.84536216,0.982272911,0.509363212,,,Tryptophan ,2.012091207,1.796367106,2.076088391,2.06961251,1.894556907,1.93344903,2.126628961,2.037042164,2.175539329,2.020217664,2.301777003,2.147724321,,,0.982272911,,Cytidine ,-0.025804182,0.509363212,,Cytidine ,7.451991899,0.483559029
Uridine ,2.063210744,1.66356709,1.936386908,2.048017555,1.959787678,1.975148398,2.16079789,2.031118337,1.974727934,1.893593065,1.943552404,1.900240693,11.64611837,11.90403032,0.978334065,0.5634789,,,L-Kynurenine ,1.448815403,1.610633915,1.513627977,1.498357857,1.606436577,1.549169753,1.27696884,1.367475769,1.377924803,1.435200482,1.296123249,1.31298449,,,0.978334065,,Uridine ,-0.031600919,0.5634789,,Uridine ,5.022642286,0.531877982
Adenosine ,2.83099658,3.137499469,3.099948164,2.723378526,2.769304236,2.677007834,3.373464632,2.720837727,2.880913892,3.108740392,2.828652035,2.762885097,17.23813481,17.67549378,0.975256195,0.587052785,,,Cystine ,1.670232566,1.832051084,1.735045142,1.719775022,1.827853745,1.77058692,1.49838599,1.588892927,1.599341961,1.656617644,1.517540401,1.534401643,,,0.975256195,,Adenosine ,-0.036146837,0.587052785,,Adenosine ,5.683815883,0.550905948
Inosine ,3.790736705,3.430080856,3.633152942,3.677953667,3.566900157,3.604518892,3.924870732,4.002878222,3.870943677,3.93028924,3.840784941,3.878737941,21.70334322,23.44850475,0.92557472,0.00031841,,,Cytidine ,2.873850291,2.500100029,2.738771551,2.871323534,2.795530389,2.767167127,2.943916082,2.885293347,2.809855282,2.615720261,2.82945793,2.761119261,,,0.92557472,,Inosine ,-0.111578634,0.00031841,,Inosine ,9.131872172,-0.111260224
1-Methyladenosine ,0.795253116,0.920704567,0.659002983,0.752403559,0.798584708,0.615730086,0.76666773,0.821937105,0.649018783,0.932599739,0.733278637,0.614995503,4.541679019,4.518497497,1.005130361,0.953821063,,,Uridine ,2.063210744,1.66356709,1.936386908,2.048017555,1.959787678,1.975148398,2.16079789,2.031118337,1.974727934,1.893593065,1.943552404,1.900240693,,,1.005130361,,1-Methyladenosine ,0.007382624,0.953821063,,1-Methyladenosine ,6.742516523,0.961203687
6-Methyladenosine ,0.293911293,0.455727956,0.358722958,0.343453029,0.45153065,0.394264341,0.122068976,0.212573258,0.223022052,0.2802966,0.14122273,0.158083439,2.297610227,1.137267055,2.020290852,0.000286407,,,Adenosine ,2.83099658,3.137499469,3.099948164,2.723378526,2.769304236,2.677007834,3.373464632,2.720837727,2.880913892,3.108740392,2.828652035,2.762885097,,,2.020290852,,6-Methyladenosine ,1.014563006,0.000286407,,6-Methyladenosine ,10.72056838,1.014849413
Guanosine ,3.209776416,2.789913884,3.087526777,3.192170001,3.095767391,3.175185285,3.311798898,3.394966207,3.174813578,3.136692561,3.138117129,3.170817263,18.55033975,19.32720564,0.959804542,0.124866562,,,Inosine ,3.790736705,3.430080856,3.633152942,3.677953667,3.566900157,3.604518892,3.924870732,4.002878222,3.870943677,3.93028924,3.840784941,3.878737941,,,0.959804542,,Guanosine ,-0.059187455,0.124866562,,Guanosine ,12.60961666,0.065679107
GMP ,1.689377039,1.078911844,1.53577609,1.567506575,1.599926263,1.638570664,1.532176372,0.976876916,1.437158342,1.124063554,1.602266074,1.494723703,9.110068475,8.167264961,1.115436871,0.277292306,,,1-Methyladenosine ,0.795253116,0.920704567,0.659002983,0.752403559,0.798584708,0.615730086,0.76666773,0.821937105,0.649018783,0.932599739,0.733278637,0.614995503,,,1.115436871,,GMP ,0.157608866,0.277292306,,GMP ,3.39631075,0.434901172
Propionate ,-0.036135175,0.125674851,0.028673231,0.013403984,0.121477662,0.064213198,-0.207962251,-0.117467469,-0.107019539,-0.04974905,-0.188810851,-0.171952048,0.317307751,-0.842961208,-0.376420348,0.000286407,,,6-Methyladenosine ,0.293911293,0.455727956,0.358722958,0.343453029,0.45153065,0.394264341,0.122068976,0.212573258,0.223022052,0.2802966,0.14122273,0.158083439,,,NA,,Propionate ,0,0.000286407,,Propionate ,0.579602769,0.000286407
Pyruvate ,0.904114627,1.065933037,0.96892715,0.953657042,1.0617357,1.004468905,0.7322683,0.822775082,0.833224103,0.890499719,0.751422673,0.768283884,5.958836461,4.798473761,1.24181912,0.000286407,,,Guanosine ,3.209776416,2.789913884,3.087526777,3.192170001,3.095767391,3.175185285,3.311798898,3.394966207,3.174813578,3.136692561,3.138117129,3.170817263,,,1.24181912,,Pyruvate ,0.312455049,0.000286407,,Pyruvate ,10.68744607,0.312741457
lactate ,2.772133357,2.775553575,2.686228897,2.767008341,2.664589353,2.636834265,2.511907501,2.685401436,2.64980418,2.745082722,2.658078446,2.769405388,16.30234779,16.01967967,1.017645054,0.318410196,,,GMP ,1.689377039,1.078911844,1.53577609,1.567506575,1.599926263,1.638570664,1.532176372,0.976876916,1.437158342,1.124063554,1.602266074,1.494723703,,,1.017645054,,lactate ,0.025234449,0.318410196,,lactate ,5.238698385,0.343644646
Oxalic Acid ,1.039557403,1.201375865,1.104369952,1.089099838,1.197178527,1.139911718,0.867710957,0.958217813,0.96866684,1.025942489,0.886865348,0.903726574,6.771493303,5.611130021,1.20679672,0.000286407,,,Propionate ,-0.036135175,0.125674851,0.028673231,0.013403984,0.121477662,0.064213198,-0.207962251,-0.117467469,-0.107019539,-0.04974905,-0.188810851,-0.171952048,,,1.20679672,,Oxalic Acid ,0.27118268,0.000286407,,Oxalic Acid ,0.796284771,0.271469087
Glyceraldehyde ,1.481058837,1.546854118,1.308692584,1.446761791,1.549423333,1.490222727,1.236923428,1.345122085,1.276484076,1.429973772,1.385286217,1.265223211,8.82301339,7.939012789,1.111348933,0.011366416,,,Pyruvate ,0.904114627,1.065933037,0.96892715,0.953657042,1.0617357,1.004468905,0.7322683,0.822775082,0.833224103,0.890499719,0.751422673,0.768283884,,,1.111348933,,Glyceraldehyde ,0.152311854,0.011366416,,Glyceraldehyde ,3.521555209,0.16367827
1C13-Lactate ,4.147174084,4.322859697,4.225874113,4.206309688,4.322846762,4.265223844,3.979236236,4.083588046,4.086368907,4.149811027,4.001027912,4.024787406,25.49028819,24.32481953,1.047912736,0.000493524,,,lactate ,2.772133357,2.775553575,2.686228897,2.767008341,2.664589353,2.636834265,2.511907501,2.685401436,2.64980418,2.745082722,2.658078446,2.769405388,,,1.047912736,,1C13-Lactate ,0.067518583,0.000493524,,1C13-Lactate ,9.220479292,0.068012106
Acetoacetate ,0.590467628,0.752285675,0.655279973,0.640009901,0.748088344,0.690821651,0.418622133,0.509128396,0.519577369,0.576852764,0.437776377,0.454637484,4.076953172,2.916594523,1.397847092,0.000286407,,,Oxalic Acid ,1.039557403,1.201375865,1.104369952,1.089099838,1.197178527,1.139911718,0.867710957,0.958217813,0.96866684,1.025942489,0.886865348,0.903726574,,,1.397847092,,Acetoacetate ,0.483206555,0.000286407,,Acetoacetate ,4.214381503,0.483492963
isoValeric Acid ,1.675337554,1.837156072,1.740150131,1.724880011,1.832958733,1.775691909,1.503490978,1.593997915,1.60444695,1.661722633,1.522645389,1.539506631,10.58617441,9.425810496,1.123104948,0.000286407,,,Glyceraldehyde ,1.481058837,1.546854118,1.308692584,1.446761791,1.549423333,1.490222727,1.236923428,1.345122085,1.276484076,1.429973772,1.385286217,1.265223211,,,1.123104948,,isoValeric Acid ,0.167492746,0.000286407,,isoValeric Acid ,5.203588148,0.167779154
gamma-Aminobutyrate ,1.147139164,0.840628492,1.084628959,1.097084081,0.970436452,1.027409331,1.423567691,1.261610347,1.311916266,1.271172742,1.310683275,1.299686257,6.167326479,7.878636578,0.782791085,0.00022287,,,1C13-Lactate ,4.147174084,4.322859697,4.225874113,4.206309688,4.322846762,4.265223844,3.979236236,4.083588046,4.086368907,4.149811027,4.001027912,4.024787406,,,0.782791085,,gamma-Aminobutyrate ,-0.353300768,0.00022287,,gamma-Aminobutyrate ,12.95841743,-0.353077899
Malonic Acid ,1.641408008,1.803226526,1.706220584,1.690950464,1.799029187,1.741762362,1.469561433,1.56006837,1.570517404,1.627793087,1.488715844,1.505577086,10.38259713,9.222233224,1.125822442,0.000286407,,,Acetoacetate ,0.590467628,0.752285675,0.655279973,0.640009901,0.748088344,0.690821651,0.418622133,0.509128396,0.519577369,0.576852764,0.437776377,0.454637484,,,1.125822442,,Malonic Acid ,0.170979312,0.000286407,,Malonic Acid ,2.595089067,0.17126572
3HBA ,2.170199477,2.251621964,2.238456989,2.281057016,2.198800205,1.992718572,2.0379212,2.126968649,2.183776987,2.213160453,2.133126947,1.999206453,13.13285422,12.69416069,1.034558688,0.206787405,,,isoValeric Acid ,1.675337554,1.837156072,1.740150131,1.724880011,1.832958733,1.775691909,1.503490978,1.593997915,1.60444695,1.661722633,1.522645389,1.539506631,,,1.034558688,,3HBA ,0.049015488,0.206787405,,3HBA ,5.758433341,0.255802892
Glycerate ,1.432778003,1.376955138,1.420322602,1.530189078,1.351820233,1.292864184,1.36614356,1.444829371,1.566415702,1.317674912,1.586164588,1.585746348,8.404929238,8.866974481,0.947891443,0.218535096,,,gamma-Aminobutyrate ,1.147139164,0.840628492,1.084628959,1.097084081,0.970436452,1.027409331,1.423567691,1.261610347,1.311916266,1.271172742,1.310683275,1.299686257,,,0.947891443,,Glycerate ,-0.07720625,0.218535096,,Glycerate ,4.829433717,0.141328846
Uracil ,1.916573739,1.476203235,1.706076994,1.943137953,1.622883512,1.650255617,1.569138211,1.854169534,1.688759594,1.447167469,1.564282493,1.648723,10.31513105,9.772240301,1.05555438,0.352095911,,,Malonic Acid ,1.641408008,1.803226526,1.706220584,1.690950464,1.799029187,1.741762362,1.469561433,1.56006837,1.570517404,1.627793087,1.488715844,1.505577086,,,1.05555438,,Uracil ,0.078000905,0.352095911,,Uracil ,5.677640397,0.430096816
Fumaric Acid ,1.588399631,1.718079346,1.462498908,1.616886979,1.698735098,1.587645676,1.522252894,1.474636568,1.720926639,1.483303258,1.825095698,1.633357576,9.672245638,9.659572633,1.001311963,0.976236962,,,3HBA ,2.170199477,2.251621964,2.238456989,2.281057016,2.198800205,1.992718572,2.0379212,2.126968649,2.183776987,2.213160453,2.133126947,1.999206453,,,1.001311963,,Fumaric Acid ,0.001891522,0.976236962,,Fumaric Acid ,7.346805816,0.978128484
Maleic Acid ,1.742539604,1.956604699,1.790425673,1.702354243,1.964818314,1.818232865,1.517932525,1.820797492,1.794755278,1.921618885,1.859065562,1.477955718,10.9749754,10.39212546,1.05608573,0.297275242,,,Glycerate ,1.432778003,1.376955138,1.420322602,1.530189078,1.351820233,1.292864184,1.36614356,1.444829371,1.566415702,1.317674912,1.586164588,1.585746348,,,1.05608573,,Maleic Acid ,0.078726953,0.297275242,,Maleic Acid ,5.545671578,0.376002195
N-AcetylGlycine ,0.775439556,0.953842242,0.932772405,0.895586734,0.728423524,0.873218071,0.694737042,0.841520895,0.879027061,0.704318483,0.795789319,0.718219877,5.159282532,4.633612677,1.113447086,0.100429939,,,Uracil ,1.916573739,1.476203235,1.706076994,1.943137953,1.622883512,1.650255617,1.569138211,1.854169534,1.688759594,1.447167469,1.564282493,1.648723,,,1.113447086,,N-AcetylGlycine ,0.155032999,0.100429939,,N-AcetylGlycine ,5.773620048,0.255462938
Guanidinoacetate ,1.480426616,1.642245129,1.54523919,1.52996907,1.63804779,1.580780967,1.30858005,1.39908698,1.409536014,1.466811694,1.327734459,1.3445957,9.416708762,8.256344897,1.140542078,0.000286407,,,Fumaric Acid ,1.588399631,1.718079346,1.462498908,1.616886979,1.698735098,1.587645676,1.522252894,1.474636568,1.720926639,1.483303258,1.825095698,1.633357576,,,1.140542078,,Guanidinoacetate ,0.189719672,0.000286407,,Guanidinoacetate ,6.08229861,0.19000608
2-Hydroxyisovaleric Acid ,1.485176193,1.612965568,1.516458157,1.593763653,1.569485883,1.55714885,1.608633062,1.452416552,1.53810716,1.509837323,1.678846404,1.61267748,9.334998304,9.400517981,0.993030206,0.783716556,,,Maleic Acid ,1.742539604,1.956604699,1.790425673,1.702354243,1.964818314,1.818232865,1.517932525,1.820797492,1.794755278,1.921618885,1.859065562,1.477955718,,,0.993030206,,2-Hydroxyisovaleric Acid ,-0.010090493,0.783716556,,2-Hydroxyisovaleric Acid ,6.251670371,0.773626063
Succinate ,2.715967904,2.648454547,2.666917338,2.693515495,2.57521856,2.561904708,2.376794728,2.429017798,2.511207397,2.539878264,2.546984778,2.540743757,15.86197855,14.94462672,1.061383389,0.002728339,,,N-AcetylGlycine ,0.775439556,0.953842242,0.932772405,0.895586734,0.728423524,0.873218071,0.694737042,0.841520895,0.879027061,0.704318483,0.795789319,0.718219877,,,1.061383389,,Succinate ,0.085945875,0.002728339,,Succinate ,3.279711068,0.088674214
Erythrose ,1.053040236,1.214858701,1.117852786,1.102582672,1.210661363,1.153394553,0.881193781,0.971700643,0.98214967,1.039425321,0.900348174,0.917209401,6.852390311,5.69202699,1.203857663,0.000286407,,,Guanidinoacetate ,1.480426616,1.642245129,1.54523919,1.52996907,1.63804779,1.580780967,1.30858005,1.39908698,1.409536014,1.466811694,1.327734459,1.3445957,,,1.203857663,,Erythrose ,0.267664827,0.000286407,,Erythrose ,5.342999516,0.267951234
Benzoic acid ,2.641306798,2.379290134,2.671554231,2.598871307,2.619816076,2.642469731,2.657844592,2.546166999,2.655805339,2.335546104,2.70659521,2.57582418,15.55330828,15.47778242,1.00487963,0.860471793,,,2-Hydroxyisovaleric Acid ,1.485176193,1.612965568,1.516458157,1.593763653,1.569485883,1.55714885,1.608633062,1.452416552,1.53810716,1.509837323,1.678846404,1.61267748,,,1.00487963,,Benzoic acid ,0.007022698,0.860471793,,Benzoic acid ,5.806240837,0.867494491
Nicotinate ,1.447322776,1.460987677,1.490159911,1.488856073,1.399803297,1.608393852,1.552951264,1.512284389,1.465315322,1.265781067,1.494991851,1.368233444,8.895523586,8.659557337,1.027249228,0.468120562,,,Succinate ,2.715967904,2.648454547,2.666917338,2.693515495,2.57521856,2.561904708,2.376794728,2.429017798,2.511207397,2.539878264,2.546984778,2.540743757,,,1.027249228,,Nicotinate ,0.038786246,0.468120562,,Nicotinate ,8.654856027,0.506906808
Citraconic Acid ,2.04896259,2.138035701,2.054576363,2.116905587,2.210935857,2.014661115,2.08917082,2.115857138,2.083444724,2.174567872,2.272051885,2.077684923,12.58407721,12.81277736,0.982150619,0.39303914,,,Erythrose ,1.053040236,1.214858701,1.117852786,1.102582672,1.210661363,1.153394553,0.881193781,0.971700643,0.98214967,1.039425321,0.900348174,0.917209401,,,0.982150619,,Citraconic Acid ,-0.025983807,0.39303914,,Citraconic Acid ,3.839133515,0.367055333
3-Methyl-2-Oxovaleric Acid ,1.372753873,1.303423122,1.24125586,1.256954745,1.19145101,1.217495176,1.252200225,1.160888963,1.222821294,1.210983344,1.365536489,1.480170946,7.583333786,7.692601261,0.98579577,0.748687432,,,Benzoic acid ,2.641306798,2.379290134,2.671554231,2.598871307,2.619816076,2.642469731,2.657844592,2.546166999,2.655805339,2.335546104,2.70659521,2.57582418,,,0.98579577,,3-Methyl-2-Oxovaleric Acid ,-0.020639304,0.748687432,,3-Methyl-2-Oxovaleric Acid ,8.603761264,0.728048128
D-Leucic Acid ,1.565949983,1.658213178,1.636879444,1.619741821,1.602475123,1.569827333,1.581856514,1.403009555,1.573657549,1.504930334,1.730176417,1.609624983,9.653086882,9.403255352,1.026568621,0.396215422,,,Nicotinate ,1.447322776,1.460987677,1.490159911,1.488856073,1.399803297,1.608393852,1.552951264,1.512284389,1.465315322,1.265781067,1.494991851,1.368233444,,,1.026568621,,D-Leucic Acid ,0.037830068,0.396215422,,D-Leucic Acid ,5.155574983,0.43404549
Glutaric Acid ,1.762403381,1.998316231,1.873677397,1.745765691,1.90416181,1.806257638,1.545417908,1.845896307,1.542585,1.80036586,1.790764652,1.749155977,11.09058215,10.2741857,1.079460939,0.070611918,,,Citraconic Acid ,2.04896259,2.138035701,2.054576363,2.116905587,2.210935857,2.014661115,2.08917082,2.115857138,2.083444724,2.174567872,2.272051885,2.077684923,,,1.079460939,,Glutaric Acid ,0.11031104,0.070611918,,Glutaric Acid ,7.603765619,0.180922958
Oxalacetate ,2.710336514,2.460966273,2.773445614,2.654874834,2.730297459,2.828071242,3.127194775,2.979558661,2.851923012,2.917808334,2.913870098,2.881926536,16.15799194,17.67228142,0.914312734,0.003332478,,,3-Methyl-2-Oxovaleric Acid ,1.372753873,1.303423122,1.24125586,1.256954745,1.19145101,1.217495176,1.252200225,1.160888963,1.222821294,1.210983344,1.365536489,1.480170946,,,0.914312734,,Oxalacetate ,-0.129240382,0.003332478,,Oxalacetate ,4.971003513,-0.125907904
Adenine ,2.118252841,2.368668066,2.320901784,2.04178682,2.133624078,2.158555686,2.436867646,2.017096408,2.098703342,2.254410376,2.110574421,2.138540867,13.14178928,13.05619306,1.006555986,0.861831671,,,D-Leucic Acid ,1.565949983,1.658213178,1.636879444,1.619741821,1.602475123,1.569827333,1.581856514,1.403009555,1.573657549,1.504930334,1.730176417,1.609624983,,,1.006555986,,Adenine ,0.009427419,0.861831671,,Adenine ,5.85128772,0.87125909
Hypoxanthine ,3.680318573,3.452017644,3.63727054,3.654750166,3.565816219,3.697458247,3.286689162,3.405745871,3.381061968,3.186993825,3.332042304,3.352242025,21.68763139,19.94477516,1.0873841,0.000154128,,,Glutaric Acid ,1.762403381,1.998316231,1.873677397,1.745765691,1.90416181,1.806257638,1.545417908,1.845896307,1.542585,1.80036586,1.790764652,1.749155977,,,1.0873841,,Hypoxanthine ,0.120861638,0.000154128,,Hypoxanthine ,6.427670589,0.121015766
Anthranilate ,1.994966991,2.156785511,2.059779568,2.044509448,2.152588172,2.095321347,1.823120409,1.91362735,1.924076384,1.981352069,1.842274821,1.859136064,12.50395104,11.3435871,1.102292505,0.000286407,,,Oxalacetate ,2.710336514,2.460966273,2.773445614,2.654874834,2.730297459,2.828071242,3.127194775,2.979558661,2.851923012,2.917808334,2.913870098,2.881926536,,,1.102292505,,Anthranilate ,0.140507109,0.000286407,,Anthranilate ,9.815897473,0.140793516
Adipic Acid ,1.953224437,2.027845596,1.996827894,1.9380869,2.010969874,2.017030078,1.819502845,2.012448295,1.834447491,2.165463549,1.939761824,1.906581358,11.94398478,11.67820536,1.022758584,0.435774271,,,Adenine ,2.118252841,2.368668066,2.320901784,2.04178682,2.133624078,2.158555686,2.436867646,2.017096408,2.098703342,2.254410376,2.110574421,2.138540867,,,1.022758584,,Adipic Acid ,0.032465646,0.435774271,,Adipic Acid ,7.526284248,0.468239917
Alpha-Ketoglutaric Acid ,2.010632093,1.855837992,2.023490367,1.984986925,1.892554537,2.013445139,2.241086079,2.23983302,2.203619185,2.098472667,2.279969745,2.295995133,11.78094705,13.35897583,0.881875018,7.66385E-05,,,Hypoxanthine ,3.680318573,3.452017644,3.63727054,3.654750166,3.565816219,3.697458247,3.286689162,3.405745871,3.381061968,3.186993825,3.332042304,3.352242025,,,0.881875018,,Alpha-Ketoglutaric Acid ,-0.181353887,7.66385E-05,,Alpha-Ketoglutaric Acid ,10.75315317,-0.181277249
Mevalonate ,0.8960092,1.057827605,0.960821721,0.945551613,1.053630269,0.996363475,0.724162883,0.814669659,0.825118679,0.882394293,0.743317254,0.760178464,5.910203883,4.749841232,1.244295039,0.000286407,,,Anthranilate ,1.994966991,2.156785511,2.059779568,2.044509448,2.152588172,2.095321347,1.823120409,1.91362735,1.924076384,1.981352069,1.842274821,1.859136064,,,1.244295039,,Mevalonate ,0.315328609,0.000286407,,Mevalonate ,6.927057993,0.315615016
2-Hydroxyglutarate ,2.690929137,2.430736818,2.600152603,2.664483402,2.563104821,2.579626103,3.036352094,2.822377884,2.894972749,2.837032222,2.861508779,2.967274478,15.52903288,17.41951821,0.891473157,9.66858E-05,,,Adipic Acid ,1.953224437,2.027845596,1.996827894,1.9380869,2.010969874,2.017030078,1.819502845,2.012448295,1.834447491,2.165463549,1.939761824,1.906581358,,,0.891473157,,2-Hydroxyglutarate ,-0.165736738,9.66858E-05,,2-Hydroxyglutarate ,6.903279888,-0.165640052
Oxypurinol ,2.263185833,2.141916255,2.246487696,2.139123189,2.135706721,2.264661712,1.882872198,2.018903494,1.997292364,1.901220214,2.08800158,2.051362536,13.19108141,11.93965239,1.104812852,0.000656985,,,Alpha-Ketoglutaric Acid ,2.010632093,1.855837992,2.023490367,1.984986925,1.892554537,2.013445139,2.241086079,2.23983302,2.203619185,2.098472667,2.279969745,2.295995133,,,1.104812852,,Oxypurinol ,0.143802007,0.000656985,,Oxypurinol ,7.779250397,0.144458993
Xanthine ,2.712059904,2.661563725,2.708271514,2.62842147,2.637881362,2.776543416,2.357170787,2.519915086,2.474344273,2.395014964,2.548440433,2.52592577,16.12474139,14.82081131,1.087979669,0.000238679,,,Mevalonate ,0.8960092,1.057827605,0.960821721,0.945551613,1.053630269,0.996363475,0.724162883,0.814669659,0.825118679,0.882394293,0.743317254,0.760178464,,,1.087979669,,Xanthine ,0.121651598,0.000238679,,Xanthine ,3.47386968,0.121890276
Dopamine ,1.187672341,1.192333682,1.163550125,1.345106737,1.176156769,1.155178686,1.245405665,1.341927244,1.308572717,1.320150633,1.567599043,1.240412188,7.21999834,8.02406749,0.899792823,0.040271008,,,2-Hydroxyglutarate ,2.690929137,2.430736818,2.600152603,2.664483402,2.563104821,2.579626103,3.036352094,2.822377884,2.894972749,2.837032222,2.861508779,2.967274478,,,0.899792823,,Dopamine ,-0.152335235,0.040271008,,Dopamine ,9.565608302,-0.112064227
Orotate ,1.745794719,1.93510778,1.798118626,1.719305853,1.834676728,2.145896202,1.350918496,1.481275048,1.552740587,1.700407693,1.446443967,1.616660002,11.17889991,9.148445793,1.221945253,0.002095793,,,Oxypurinol ,2.263185833,2.141916255,2.246487696,2.139123189,2.135706721,2.264661712,1.882872198,2.018903494,1.997292364,1.901220214,2.08800158,2.051362536,,,1.221945253,,Orotate ,0.289179649,0.002095793,,Orotate ,7.262529583,0.291275442
Allantoin ,1.085389114,1.247207587,1.150201668,1.134931553,1.243010249,1.185743437,0.913542642,1.004049514,1.014498543,1.071774198,0.932697037,0.949558266,7.046483608,5.8861202,1.197135527,0.000286407,,,Xanthine ,2.712059904,2.661563725,2.708271514,2.62842147,2.637881362,2.776543416,2.357170787,2.519915086,2.474344273,2.395014964,2.548440433,2.52592577,,,1.197135527,,Allantoin ,0.259586488,0.000286407,,Allantoin ,8.666516694,0.259872896
2-Aminoadipate ,2.013050737,1.684449666,1.820718255,2.024117667,1.657866016,1.598716999,2.163395752,1.881188896,1.764549296,1.969794119,1.909287672,2.458289369,10.79891934,12.1465051,0.889055679,0.106808201,,,Dopamine ,1.187672341,1.192333682,1.163550125,1.345106737,1.176156769,1.155178686,1.245405665,1.341927244,1.308572717,1.320150633,1.567599043,1.240412188,,,0.889055679,,2-Aminoadipate ,-0.169654322,0.106808201,,2-Aminoadipate ,5.017217543,-0.06284612
Quinolinate ,0.96351806,0.934425475,0.958079028,1.032103721,1.219300281,1.012609553,0.818933821,1.04934021,1.092078975,1.100253679,0.782703247,0.879456939,6.120036118,5.722766871,1.069419086,0.381532472,,,Orotate ,1.745794719,1.93510778,1.798118626,1.719305853,1.834676728,2.145896202,1.350918496,1.481275048,1.552740587,1.700407693,1.446443967,1.616660002,,,1.069419086,,Quinolinate ,0.09682733,0.381532472,,Quinolinate ,5.832930748,0.478359802
PEP ,1.820012886,1.438970371,1.716856787,1.860189358,1.715338845,1.767273262,1.529602755,1.985356064,1.734079823,1.344521517,1.532511768,1.623960346,10.31864151,9.750032273,1.058318703,0.400202204,,,Allantoin ,1.085389114,1.247207587,1.150201668,1.134931553,1.243010249,1.185743437,0.913542642,1.004049514,1.014498543,1.071774198,0.932697037,0.949558266,,,1.058318703,,PEP ,0.081774147,0.400202204,,PEP ,4.012348204,0.481976351
Homogentisate ,1.516323525,1.678142039,1.581136099,1.56586598,1.6739447,1.616677877,1.344476956,1.434983888,1.445432922,1.502708603,1.363631366,1.380492607,9.63209022,8.471726342,1.136968999,0.000286407,,,2-Aminoadipate ,2.013050737,1.684449666,1.820718255,2.024117667,1.657866016,1.598716999,2.163395752,1.881188896,1.764549296,1.969794119,1.909287672,2.458289369,,,1.136968999,,Homogentisate ,0.185192918,0.000286407,,Homogentisate ,7.474340159,0.185479325
Urate ,2.64569104,2.560244102,2.952049921,2.667552601,2.823843209,2.703974892,2.955364245,2.879157848,2.408034555,3.035045696,2.536260842,2.36530781,16.35335577,16.179171,1.010765989,0.831820066,,,Quinolinate ,0.96351806,0.934425475,0.958079028,1.032103721,1.219300281,1.012609553,0.818933821,1.04934021,1.092078975,1.100253679,0.782703247,0.879456939,,,1.010765989,,Urate ,0.015449025,0.831820066,,Urate ,3.773179854,0.84726909
D-GA3P ,1.470012775,1.484463143,1.467727352,1.437223426,1.526302524,1.517513447,1.593076636,1.397165905,1.395849072,1.715105742,1.447764059,1.65134307,8.903242667,9.200304484,0.967711741,0.413166509,,,PEP ,1.820012886,1.438970371,1.716856787,1.860189358,1.715338845,1.767273262,1.529602755,1.985356064,1.734079823,1.344521517,1.532511768,1.623960346,,,0.967711741,,D-GA3P ,-0.047350729,0.413166509,,D-GA3P ,5.468705372,0.365815779
Glycerol-3-P ,2.599865471,2.275132746,2.368609672,2.627818557,2.294533748,2.315627489,2.409969428,2.61217078,2.56698335,2.322772168,2.478102647,2.498506586,14.48158768,14.88850496,0.97266903,0.402511237,,,Homogentisate ,1.516323525,1.678142039,1.581136099,1.56586598,1.6739447,1.616677877,1.344476956,1.434983888,1.445432922,1.502708603,1.363631366,1.380492607,,,0.97266903,,Glycerol-3-P ,-0.039979111,0.402511237,,Glycerol-3-P ,5.219501606,0.362532125
Aconitate ,1.158339189,1.402616568,1.227559089,1.291654907,1.239876624,1.050260514,1.190083182,1.127241067,1.190380302,1.120541097,1.366948681,1.321742177,7.370306891,7.316936506,1.007294089,0.892420465,,,Urate ,2.64569104,2.560244102,2.952049921,2.667552601,2.823843209,2.703974892,2.955364245,2.879157848,2.408034555,3.035045696,2.536260842,2.36530781,,,1.007294089,,Aconitate ,0.010484953,0.892420465,,Aconitate ,8.943908437,0.902905418
Shikimic Acid ,1.268669858,1.451156313,0.862124294,0.986382617,1.211264059,0.963671471,0.795897366,1.060404072,0.90934214,1.076688064,1.134237784,0.816979139,6.743268612,5.793548565,1.163927175,0.174980699,,,D-GA3P ,1.470012775,1.484463143,1.467727352,1.437223426,1.526302524,1.517513447,1.593076636,1.397165905,1.395849072,1.715105742,1.447764059,1.65134307,,,1.163927175,,Shikimic Acid ,0.219000793,0.174980699,,Shikimic Acid ,5.978140046,0.393981493
Citrulline ,2.676015897,2.457766671,2.740950337,2.756611648,2.471919828,2.636452571,2.60676353,2.575243293,2.761814592,2.496761304,2.968116046,2.847704626,15.73971695,16.25640339,0.968216436,0.365376539,,,Glycerol-3-P ,2.599865471,2.275132746,2.368609672,2.627818557,2.294533748,2.315627489,2.409969428,2.61217078,2.56698335,2.322772168,2.478102647,2.498506586,,,0.968216436,,Citrulline ,-0.04659851,0.365376539,,Citrulline ,8.267597837,0.318778029
Ascorbic Acid ,3.163697375,2.437623132,3.022799108,2.807195813,1.820003192,2.909343086,3.178254883,3.016654221,2.993165608,1.569393406,2.879009985,2.816767597,16.16066171,16.4532457,0.982217248,0.879429273,,,Aconitate ,1.158339189,1.402616568,1.227559089,1.291654907,1.239876624,1.050260514,1.190083182,1.127241067,1.190380302,1.120541097,1.366948681,1.321742177,,,0.982217248,,Ascorbic Acid ,-0.025885939,0.879429273,,Ascorbic Acid ,4.791449203,0.853543334
Hippuric Acid ,1.833520399,1.109213679,1.487616194,1.764942065,1.1674808,0.827660189,1.099784864,1.012686955,1.266037428,0.956937779,1.086921922,1.314860153,8.190433326,6.737229101,1.215697611,0.189183682,,,Shikimic Acid ,1.268669858,1.451156313,0.862124294,0.986382617,1.211264059,0.963671471,0.795897366,1.060404072,0.90934214,1.076688064,1.134237784,0.816979139,,,1.215697611,,Hippuric Acid ,0.281784422,0.189183682,,Hippuric Acid ,4.243602598,0.470968104
Inositol ,2.787325928,2.752983279,2.738255633,2.744467087,2.573155475,2.618550704,2.736411221,2.636097281,2.738424034,2.621896628,2.972560131,3.019360191,16.21473811,16.72474949,0.969505589,0.298115858,,,Citrulline ,2.676015897,2.457766671,2.740950337,2.756611648,2.471919828,2.636452571,2.60676353,2.575243293,2.761814592,2.496761304,2.968116046,2.847704626,,,0.969505589,,Inositol ,-0.044678879,0.298115858,,Inositol ,9.282087565,0.253436979
Glucose ,2.046427583,2.146668553,2.057205573,2.201698765,2.107696769,1.999370411,2.360531621,2.131914392,2.269576772,2.213325256,2.296185987,2.493441395,12.55906765,13.76497542,0.912393031,0.006749323,,,Ascorbic Acid ,3.163697375,2.437623132,3.022799108,2.807195813,1.820003192,2.909343086,3.178254883,3.016654221,2.993165608,1.569393406,2.879009985,2.816767597,,,0.912393031,,Glucose ,-0.132272667,0.006749323,,Glucose ,8.177564019,-0.125523344
Fructose ,1.911584344,2.073402864,1.976396921,1.961126801,2.069205525,2.0119387,1.739737763,1.830244703,1.840693738,1.897969422,1.758892174,1.775753417,12.00365516,10.84329122,1.107012153,0.000286407,,,Hippuric Acid ,1.833520399,1.109213679,1.487616194,1.764942065,1.1674808,0.827660189,1.099784864,1.012686955,1.266037428,0.956937779,1.086921922,1.314860153,,,1.107012153,,Fructose ,0.14667106,0.000286407,,Fructose ,4.465732007,0.146957468
OH-Phenylpyruvate ,1.327203622,1.437037569,1.262685696,1.299144962,1.194982561,1.212565756,1.434204586,1.306748171,1.307755056,1.222133024,1.487800219,1.573280082,7.733620166,8.331921138,0.928191714,0.154648053,,,Inositol ,2.787325928,2.752983279,2.738255633,2.744467087,2.573155475,2.618550704,2.736411221,2.636097281,2.738424034,2.621896628,2.972560131,3.019360191,,,0.928191714,,OH-Phenylpyruvate ,-0.107505276,0.154648053,,OH-Phenylpyruvate ,9.542008664,0.047142777
Homovanilate ,1.765438659,1.772305742,1.674039821,1.710118071,1.614518386,1.718606615,1.684657541,1.683900575,1.645437571,1.896420317,1.7439078,1.802450433,10.25502729,10.45677424,0.980706579,0.472753253,,,Glucose ,2.046427583,2.146668553,2.057205573,2.201698765,2.107696769,1.999370411,2.360531621,2.131914392,2.269576772,2.213325256,2.296185987,2.493441395,,,0.980706579,,Homovanilate ,-0.028106538,0.472753253,,Homovanilate ,7.983659217,0.444646714
4-Pyridoxic acid ,3.16513292,3.405614625,3.264038242,3.271430187,3.411973351,3.351332165,2.955719923,3.112936151,3.101903201,3.229611197,2.994290367,3.021294614,19.86952149,18.41575545,1.078941428,0.00156518,,,Fructose ,1.911584344,2.073402864,1.976396921,1.961126801,2.069205525,2.0119387,1.739737763,1.830244703,1.840693738,1.897969422,1.758892174,1.775753417,,,1.078941428,,4-Pyridoxic acid ,0.109616548,0.00156518,,4-Pyridoxic acid ,6.511556441,0.111181729
2/3-Phosphoglyceric Acid ,1.443687275,1.662707079,1.526517074,1.463335606,1.515642004,1.507081993,1.439366094,1.270081139,1.495398112,1.449770976,1.568056446,1.594807775,9.118971031,8.817480542,1.034192362,0.397095891,,,OH-Phenylpyruvate ,1.327203622,1.437037569,1.262685696,1.299144962,1.194982561,1.212565756,1.434204586,1.306748171,1.307755056,1.222133024,1.487800219,1.573280082,,,1.034192362,,2/3-Phosphoglyceric Acid ,0.048504555,0.397095891,,2/3-Phosphoglyceric Acid ,5.317405687,0.445600446
Azelaic Acid ,3.490302588,3.662406146,3.35251606,3.4544054,3.533295946,3.385024956,3.375983897,3.603409702,3.587000386,3.69616041,3.671925843,3.346148867,20.8779511,21.28062911,0.981077721,0.39935789,,,Homovanilate ,1.765438659,1.772305742,1.674039821,1.710118071,1.614518386,1.718606615,1.684657541,1.683900575,1.645437571,1.896420317,1.7439078,1.802450433,,,0.981077721,,Azelaic Acid ,-0.027560664,0.39935789,,Azelaic Acid ,6.423856271,0.371797226
Glucoronate ,1.597568735,0.879868105,1.313020141,1.332711173,1.105485397,1.093994361,1.286419007,1.167903151,1.397028023,1.266680795,1.427864341,1.492316736,7.322647912,8.038212053,0.910979688,0.314603923,,,4-Pyridoxic acid ,3.16513292,3.405614625,3.264038242,3.271430187,3.411973351,3.351332165,2.955719923,3.112936151,3.101903201,3.229611197,2.994290367,3.021294614,,,0.910979688,,Glucoronate ,-0.134509207,0.314603923,,Glucoronate ,10.15617587,0.180094716
Xanthurenate ,2.249156463,2.465253219,2.318531345,2.292964136,2.418269819,2.363333795,2.102227506,2.150886613,2.158861402,2.187499509,2.072022112,2.073067014,14.10750878,12.74456416,1.106943212,0.000148308,,,2/3-Phosphoglyceric Acid ,1.443687275,1.662707079,1.526517074,1.463335606,1.515642004,1.507081993,1.439366094,1.270081139,1.495398112,1.449770976,1.568056446,1.594807775,,,1.106943212,,Xanthurenate ,0.146581211,0.000148308,,Xanthurenate ,5.719578409,0.146729519
Pentothenate ,2.829218556,2.463657402,2.593681447,2.739848439,2.385273981,2.396430739,2.956149252,2.825125378,2.910176691,2.705688426,3.171030272,3.178883024,15.40811056,17.74705304,0.868206712,0.004772109,,,Azelaic Acid ,3.490302588,3.662406146,3.35251606,3.4544054,3.533295946,3.385024956,3.375983897,3.603409702,3.587000386,3.69616041,3.671925843,3.346148867,,,0.868206712,,Pentothenate ,-0.20388952,0.004772109,,Pentothenate ,11.58244183,-0.19911741
Cystathionine ,2.243487675,1.704211175,2.313949614,1.714787771,2.341564912,2.451847782,2.474262704,2.137223374,2.01062239,2.054826259,2.057012421,1.785279278,12.76984893,12.51922643,1.020019009,0.803301955,,,Glucoronate ,1.597568735,0.879868105,1.313020141,1.332711173,1.105485397,1.093994361,1.286419007,1.167903151,1.397028023,1.266680795,1.427864341,1.492316736,,,1.020019009,,Cystathionine ,0.028596038,0.803301955,,Cystathionine ,5.206880881,0.831897993
Ribose-5-P ,2.56157206,2.21470605,2.379035974,2.624515153,2.430507274,2.558438772,2.57911905,2.657774577,2.581841769,2.306513824,2.563972213,2.565977408,14.76877528,15.25519884,0.968114243,0.329346895,,,Xanthurenate ,2.249156463,2.465253219,2.318531345,2.292964136,2.418269819,2.363333795,2.102227506,2.150886613,2.158861402,2.187499509,2.072022112,2.073067014,,,0.968114243,,Ribose-5-P ,-0.046750791,0.329346895,,Ribose-5-P ,7.300702878,0.282596105
Melatonin ,0.590790375,0.752608423,0.65560272,0.640332649,0.748411092,0.691144398,0.418944879,0.509451143,0.519900116,0.577175511,0.438099123,0.45496023,4.078889657,2.918531002,1.397583118,0.000286407,,,Pentothenate ,2.829218556,2.463657402,2.593681447,2.739848439,2.385273981,2.396430739,2.956149252,2.825125378,2.910176691,2.705688426,3.171030272,3.178883024,,,1.397583118,,Melatonin ,0.482934086,0.000286407,,Melatonin ,10.45318484,0.483220494
Biotin ,2.45300339,2.11121556,2.378007248,2.465229807,2.422923935,2.458240406,2.531685735,2.488456304,2.424780102,2.324553489,2.407755532,2.477458927,14.28862035,14.65469009,0.975020301,0.356522727,,,Cystathionine ,2.243487675,1.704211175,2.313949614,1.714787771,2.341564912,2.451847782,2.474262704,2.137223374,2.01062239,2.054826259,2.057012421,1.785279278,,,0.975020301,,Biotin ,-0.036495837,0.356522727,,Biotin ,6.872138259,0.320026891
Pyridoxal-5-P ,0.252519351,0.414335624,0.317330824,0.302060935,0.410138324,0.352872124,0.08067793,0.171181654,0.181630396,0.238904706,0.099831545,0.116692143,2.049257182,0.888918374,2.30533786,0.000286407,,,Ribose-5-P ,2.56157206,2.21470605,2.379035974,2.624515153,2.430507274,2.558438772,2.57911905,2.657774577,2.581841769,2.306513824,2.563972213,2.565977408,,,2.30533786,,Pyridoxal-5-P ,1.204978201,0.000286407,,Pyridoxal-5-P ,9.741801305,1.205264608
G1P/G6P/F6P/F1P ,2.816113871,2.872550402,2.908179374,2.704937079,2.762950037,2.921793048,3.081993161,2.854237876,2.869826973,2.860194148,2.869639978,3.013289138,16.98652381,17.54918127,0.96793825,0.107552249,,,Melatonin ,0.590790375,0.752608423,0.65560272,0.640332649,0.748411092,0.691144398,0.418944879,0.509451143,0.519900116,0.577175511,0.438099123,0.45496023,,,0.96793825,,G1P/G6P/F6P/F1P ,-0.047013082,0.107552249,,G1P/G6P/F6P/F1P ,2.438173114,0.060539167
Margaric Acid ,1.974012507,2.033401028,2.056744026,1.963065345,2.013324455,2.039935958,1.786846821,1.843256401,1.862202559,1.917123656,1.791610505,1.798558032,12.08048332,10.99959797,1.098265895,3.92695E-05,,,Biotin ,2.45300339,2.11121556,2.378007248,2.465229807,2.422923935,2.458240406,2.531685735,2.488456304,2.424780102,2.324553489,2.407755532,2.477458927,,,1.098265895,,Margaric Acid ,0.13522738,3.92695E-05,,Margaric Acid ,8.308033843,0.13526665
Linoleic Acid ,0.156093383,0.317908398,0.220904239,0.205634479,0.313711121,0.25644527,-0.015745152,0.074756772,0.085205351,0.142478892,0.003408017,0.020268254,1.47069689,0.310372134,4.738495274,0.000286407,,,Pyridoxal-5-P ,0.252519351,0.414335624,0.317330824,0.302060935,0.410138324,0.352872124,0.08067793,0.171181654,0.181630396,0.238904706,0.099831545,0.116692143,,,4.738495274,,Linoleic Acid ,2.244428999,0.000286407,,Linoleic Acid ,5.193923668,2.244715406
Xanthosine ,2.396276887,1.979078439,2.286742345,2.372681747,2.271985617,2.3421984,2.462448093,2.563439024,2.351779286,2.305880632,2.301773086,2.33565956,13.64896344,14.32097968,0.953074702,0.168785173,,,G1P/G6P/F6P/F1P ,2.816113871,2.872550402,2.908179374,2.704937079,2.762950037,2.921793048,3.081993161,2.854237876,2.869826973,2.860194148,2.869639978,3.013289138,,,0.953074702,,Xanthosine ,-0.069338799,0.168785173,,Xanthosine ,9.696197966,0.099446374
13-HODE ,2.033400857,2.185931626,1.96536265,2.038063744,2.088197969,2.003415341,1.852863761,2.130495231,1.905498996,2.100797827,1.968157278,1.898268928,12.31437219,11.85608202,1.038654436,0.205246241,,,Margaric Acid ,1.974012507,2.033401028,2.056744026,1.963065345,2.013324455,2.039935958,1.786846821,1.843256401,1.862202559,1.917123656,1.791610505,1.798558032,,,1.038654436,,13-HODE ,0.054715745,0.205246241,,13-HODE ,6.545946629,0.259961986
Reduced glutathione ,2.477972481,2.343467609,2.377042297,2.444519697,2.325860439,2.388382243,2.640225422,2.573021213,2.811945174,2.496503227,2.793119822,2.908266332,14.35724477,16.22308119,0.884988776,0.001127719,,,Linoleic Acid ,0.156093383,0.317908398,0.220904239,0.205634479,0.313711121,0.25644527,-0.015745152,0.074756772,0.085205351,0.142478892,0.003408017,0.020268254,,,0.884988776,,Reduced glutathione ,-0.176268937,0.001127719,,Reduced glutathione ,1.051143939,-0.175141217
N-Acetylneuraminate ,1.702190811,1.163714718,1.504826293,1.5354414,1.532382095,1.489242242,1.712403594,1.820318294,1.684933233,1.584516988,1.644658104,1.782715536,8.927797559,10.22954575,0.872746237,0.022257223,,,Xanthosine ,2.396276887,1.979078439,2.286742345,2.372681747,2.271985617,2.3421984,2.462448093,2.563439024,2.351779286,2.305880632,2.301773086,2.33565956,,,0.872746237,,N-Acetylneuraminate ,-0.196365863,0.022257223,,N-Acetylneuraminate ,7.816059515,-0.174108641
DTMP ,1.701749703,1.93850762,1.80403921,1.784684864,1.812990021,1.778317663,1.579782855,1.596304252,1.621037564,1.704729358,1.567900173,1.637854679,10.82028908,9.707608881,1.114619389,0.000574451,,,13-HODE ,2.033400857,2.185931626,1.96536265,2.038063744,2.088197969,2.003415341,1.852863761,2.130495231,1.905498996,2.100797827,1.968157278,1.898268928,,,1.114619389,,DTMP ,0.156551155,0.000574451,,DTMP ,7.081843422,0.157125606
CMP ,1.882548417,1.749262183,1.906708459,1.746919375,1.802573752,1.859942821,1.873119615,1.462481682,1.583676983,1.433859882,1.751057887,1.744100814,10.94795501,9.848296863,1.111659727,0.038755924,,,Reduced glutathione ,2.477972481,2.343467609,2.377042297,2.444519697,2.325860439,2.388382243,2.640225422,2.573021213,2.811945174,2.496503227,2.793119822,2.908266332,,,1.111659727,,CMP ,0.152715255,0.038755924,,CMP ,9.309549108,0.191471179
Sucrose ,2.068471498,2.449314753,1.918296284,2.476006436,1.942549657,1.843420158,1.546097947,2.025199088,1.921888183,2.179420536,1.946227042,1.949556429,12.69805879,11.56838923,1.097651414,0.214659617,,,N-Acetylneuraminate ,1.702190811,1.163714718,1.504826293,1.5354414,1.532382095,1.489242242,1.712403594,1.820318294,1.684933233,1.584516988,1.644658104,1.782715536,,,1.097651414,,Sucrose ,0.134419964,0.214659617,,Sucrose ,6.109542042,0.34907958
AMP ,2.507766472,2.842562306,2.722051977,2.478059954,2.415052812,2.45777443,3.132317235,2.342314287,2.757961904,2.960558077,2.776797274,3.019493463,15.42326795,16.98944224,0.90781485,0.079500196,,,DTMP ,1.701749703,1.93850762,1.80403921,1.784684864,1.812990021,1.778317663,1.579782855,1.596304252,1.621037564,1.704729358,1.567900173,1.637854679,,,0.90781485,,AMP ,-0.139530008,0.079500196,,AMP ,5.81829906,-0.060029812
IMP ,3.741016212,3.561023369,3.706766438,3.682565026,3.598568424,3.710005987,3.681207844,3.135115571,3.587681567,3.348279618,3.710760536,3.71377826,21.99994546,21.1768234,1.038869005,0.204652093,,,CMP ,1.882548417,1.749262183,1.906708459,1.746919375,1.802573752,1.859942821,1.873119615,1.462481682,1.583676983,1.433859882,1.751057887,1.744100814,,,1.038869005,,IMP ,0.055013751,0.204652093,,IMP ,5.967887588,0.259665844
UDP ,1.615395034,1.489222582,1.571297344,1.558949169,1.480916585,1.579102427,1.873262227,1.593305206,1.613196073,1.479553669,1.64668437,1.725281395,9.294883141,9.93128294,0.935919679,0.100518996,,,Sucrose ,2.068471498,2.449314753,1.918296284,2.476006436,1.942549657,1.843420158,1.546097947,2.025199088,1.921888183,2.179420536,1.946227042,1.949556429,,,0.935919679,,UDP ,-0.095543372,0.100518996,,UDP ,7.011123686,0.004975624
ADP ,1.201082574,1.079966106,1.138064079,1.151459368,1.120156429,1.101067665,1.330578589,1.109977321,1.165469774,1.209657234,1.266132455,1.279399076,6.791796221,7.361214449,0.922646157,0.029207878,,,AMP ,2.507766472,2.842562306,2.722051977,2.478059954,2.415052812,2.45777443,3.132317235,2.342314287,2.757961904,2.960558077,2.776797274,3.019493463,,,0.922646157,,ADP ,-0.116150628,0.029207878,,ADP ,9.679494971,-0.086942749
GDP ,1.243654402,0.913148026,1.148057058,1.007890122,0.962642612,1.047406008,1.459054543,1.071428535,1.045094976,0.907497923,1.317588548,1.210366422,6.322798228,7.011030947,0.901835732,0.259606897,,,IMP ,3.741016212,3.561023369,3.706766438,3.682565026,3.598568424,3.710005987,3.681207844,3.135115571,3.587681567,3.348279618,3.710760536,3.71377826,,,0.901835732,,GDP ,-0.149063422,0.259606897,,GDP ,11.67465415,0.110543476
Glycochenodeoxycholate ,1.625646605,1.787465122,1.690459181,1.675189061,1.783267783,1.726000959,1.45380003,1.544306966,1.554756001,1.612031683,1.472954441,1.489815683,10.28802871,9.127664804,1.127126043,0.000286407,,,UDP ,1.615395034,1.489222582,1.571297344,1.558949169,1.480916585,1.579102427,1.873262227,1.593305206,1.613196073,1.479553669,1.64668437,1.725281395,,,1.127126043,,Glycochenodeoxycholate ,0.172648856,0.000286407,,Glycochenodeoxycholate ,5.978645477,0.172935264
Adenylosuccinate ,0.89965046,0.637790268,0.728270465,0.779405888,0.740566375,0.797835421,1.02409338,0.795112983,0.96526889,0.953265102,1.036793238,1.041098513,4.583518877,5.815632106,0.788137694,0.002706944,,,ADP ,1.201082574,1.079966106,1.138064079,1.151459368,1.120156429,1.101067665,1.330578589,1.109977321,1.165469774,1.209657234,1.266132455,1.279399076,,,0.788137694,,Adenylosuccinate ,-0.343480393,0.002706944,,Adenylosuccinate ,4.543326459,-0.340773449
Glycocholate ,0.855405138,1.017223519,0.920217647,0.904947541,1.013026183,0.955759396,0.683558876,0.774065617,0.784514634,0.841790233,0.702713238,0.719574441,5.666579424,4.506217039,1.257502551,0.000286407,,,GDP ,1.243654402,0.913148026,1.148057058,1.007890122,0.962642612,1.047406008,1.459054543,1.071428535,1.045094976,0.907497923,1.317588548,1.210366422,,,1.257502551,,Glycocholate ,0.330561327,0.000286407,,Glycocholate ,4.692955444,0.330847735
Oxidized glutathione ,2.242937977,1.946230862,2.11211773,2.15019437,2.054826755,2.083910871,2.542349172,2.288356694,2.175278792,2.108482633,2.106836011,2.162096499,12.59021857,13.3833998,0.94073395,0.125468146,,,Glycochenodeoxycholate ,1.625646605,1.787465122,1.690459181,1.675189061,1.783267783,1.726000959,1.45380003,1.544306966,1.554756001,1.612031683,1.472954441,1.489815683,,,0.94073395,,Oxidized glutathione ,-0.088141324,0.125468146,,Oxidized glutathione ,5.515535757,0.037326822
,,,,,,,,,,,,,,,,,,,Adenylosuccinate ,0.89965046,0.637790268,0.728270465,0.779405888,0.740566375,0.797835421,1.02409338,0.795112983,0.96526889,0.953265102,1.036793238,1.041098513,,,,,,,,,,,
,,,,,,,,,,,,,,,,,,,Glycocholate ,0.855405138,1.017223519,0.920217647,0.904947541,1.013026183,0.955759396,0.683558876,0.774065617,0.784514634,0.841790233,0.702713238,0.719574441,,,,,,,,,,,
,,,,,,,,,,,,,,,,,,,Oxidized glutathione ,2.242937977,1.946230862,2.11211773,2.15019437,2.054826755,2.083910871,2.542349172,2.288356694,2.175278792,2.108482633,2.106836011,2.162096499,,,,,,,,,,,